company_name,email,phone_number
Company 001,client001@example.com,7000000001
Company 002,client002@example.com,7000000002
Company 003,client003@example.com,7000000003
Company 004,client004@example.com,7000000004
Company 005,client005@example.com,7000000005
Company 006,client006@example.com,7000000006
Company 007,client007@example.com,7000000007
Company 008,client008@example.com,7000000008
Company 009,client009@example.com,7000000009
Company 010,client010@example.com,7000000010
Company 011,client011@example.com,7000000011
Company 012,client012@example.com,7000000012
Company 013,client013@example.com,7000000013
Company 014,client014@example.com,7000000014
Company 015,client015@example.com,7000000015
Company 016,client016@example.com,7000000016
Company 017,client017@example.com,7000000017
Company 018,client018@example.com,7000000018
Company 019,client019@example.com,7000000019
Company 020,client020@example.com,7000000020
Company 021,client021@example.com,7000000021
Company 022,client022@example.com,7000000022
Company 023,client023@example.com,7000000023
Company 024,client024@example.com,7000000024
Company 025,client025@example.com,7000000025
Company 026,client026@example.com,7000000026
Company 027,client027@example.com,7000000027
Company 028,client028@example.com,7000000028
Company 029,client029@example.com,7000000029
Company 030,client030@example.com,7000000030
Company 031,client031@example.com,7000000031
Company 032,client032@example.com,7000000032
Company 033,client033@example.com,7000000033
Company 034,client034@example.com,7000000034
Company 035,client035@example.com,7000000035
Company 036,client036@example.com,7000000036
Company 037,client037@example.com,7000000037
Company 038,client038@example.com,7000000038
Company 039,client039@example.com,7000000039
Company 040,client040@example.com,7000000040
Company 041,client041@example.com,7000000041
Company 042,client042@example.com,7000000042
Company 043,client043@example.com,7000000043
Company 044,client044@example.com,7000000044
Company 045,client045@example.com,7000000045
Company 046,client046@example.com,7000000046
Company 047,client047@example.com,7000000047
Company 048,client048@example.com,7000000048
Company 049,client049@example.com,7000000049
Company 050,client050@example.com,7000000050
Company 051,client051@example.com,7000000051
Company 052,client052@example.com,7000000052
Company 053,client053@example.com,7000000053
Company 054,client054@example.com,7000000054
Company 055,client055@example.com,7000000055
Company 056,client056@example.com,7000000056
Company 057,client057@example.com,7000000057
Company 058,client058@example.com,7000000058
Company 059,client059@example.com,7000000059
Company 060,client060@example.com,7000000060
Company 061,client061@example.com,7000000061
Company 062,client062@example.com,7000000062
Company 063,client063@example.com,7000000063
Company 064,client064@example.com,7000000064
Company 065,client065@example.com,7000000065
Company 066,client066@example.com,7000000066
Company 067,client067@example.com,7000000067
Company 068,client068@example.com,7000000068
Company 069,client069@example.com,7000000069
Company 070,client070@example.com,7000000070
Company 071,client071@example.com,7000000071
Company 072,client072@example.com,7000000072
Company 073,client073@example.com,7000000073
Company 074,client074@example.com,7000000074
Company 075,client075@example.com,7000000075
Company 076,client076@example.com,7000000076
Company 077,client077@example.com,7000000077
Company 078,client078@example.com,7000000078
Company 079,client079@example.com,7000000079
Company 080,client080@example.com,7000000080
Company 081,client081@example.com,7000000081
Company 082,client082@example.com,7000000082
Company 083,client083@example.com,7000000083
Company 084,client084@example.com,7000000084
Company 085,client085@example.com,7000000085
Company 086,client086@example.com,7000000086
Company 087,client087@example.com,7000000087
Company 088,client088@example.com,7000000088
Company 089,client089@example.com,7000000089
Company 090,client090@example.com,7000000090
Company 091,client091@example.com,7000000091
Company 092,client092@example.com,7000000092
Company 093,client093@example.com,7000000093
Company 094,client094@example.com,7000000094
Company 095,client095@example.com,7000000095
Company 096,client096@example.com,7000000096
Company 097,client097@example.com,7000000097
Company 098,client098@example.com,7000000098
Company 099,client099@example.com,7000000099
Company 100,client100@example.com,7000000100
